epoch,loss,val_loss
0,23.366561698913575,20.77238178253174
