epoch,loss,val_loss
0,23.366561698913575,20.77238178253174
0,28.19254207611084,22.249937693277996
1,21.008697509765625,20.935322284698486
0,616.5748615264893,128410.04036458333
