epoch,loss,val_loss
0,23.366561698913575,20.77238178253174
0,28.19254207611084,22.249937693277996
1,21.008697509765625,20.935322284698486
0,616.5748615264893,128410.04036458333
0,1306507.3046875,2932466.5
1,953832.90234375,23847.253092447918
0,32546.13944606781,12.292405207951864
1,10.434642791748047,9.54626727104187
2,9.498261308670044,9.20780356725057
3,9.133052110671997,8.962003310521444
