epoch,loss,val_loss
0,20.277508449554443,18.43082230275991
